0;Nom 1;Prenom 1;31
1;Nom 2;Prenom 2;34
2;Nom 3;Prenom 3;
3;Nom 4;Prenom 4;24
4;Nom 5;Prenom 5;
5;Nom 6;Prenom 6;
6;Nom 7;Prenom 7;14
7;Nom 8;Prenom 8;3
8;Nom 9;Prenom 9;36
9;Nom 10;Prenom 10;29
10;Nom 11;Prenom 11;18
11;Nom 12;Prenom 12;33
12;Nom 13;Prenom 13;4
13;Nom 14;Prenom 14;16
14;Nom 15;Prenom 15;16
15;Nom 16;Prenom 16;7
16;Nom 17;Prenom 17;
17;Nom 18;Prenom 18;50
18;Nom 19;Prenom 19;
19;Nom 20;Prenom 20;46
20;Nom 21;Prenom 21;43
21;Nom 22;Prenom 22;
22;Nom 23;Prenom 23;
23;Nom 24;Prenom 24;
24;Nom 25;Prenom 25;
25;Nom 26;Prenom 26;
26;Nom 27;Prenom 27;40
27;Nom 28;Prenom 28;18
28;Nom 29;Prenom 29;4
29;Nom 30;Prenom 30;4
30;Nom 31;Prenom 31;
31;Nom 32;Prenom 32;13
32;Nom 33;Prenom 33;9
33;Nom 34;Prenom 34;
34;Nom 35;Prenom 35;2
35;Nom 36;Prenom 36;43
36;Nom 37;Prenom 37;24
37;Nom 38;Prenom 38;18
38;Nom 39;Prenom 39;49
39;Nom 40;Prenom 40;22
40;Nom 41;Prenom 41;37
41;Nom 42;Prenom 42;
42;Nom 43;Prenom 43;46
43;Nom 44;Prenom 44;22
44;Nom 45;Prenom 45;
45;Nom 46;Prenom 46;11
46;Nom 47;Prenom 47;29
47;Nom 48;Prenom 48;4
48;Nom 49;Prenom 49;
49;Nom 50;Prenom 50;18
50;Nom 51;Prenom 51;41
51;Nom 52;Prenom 52;1
52;Nom 53;Prenom 53;8
53;Nom 54;Prenom 54;
54;Nom 55;Prenom 55;
55;Nom 56;Prenom 56;
56;Nom 57;Prenom 57;31
57;Nom 58;Prenom 58;16
58;Nom 59;Prenom 59;18
59;Nom 60;Prenom 60;11
60;Nom 61;Prenom 61;7
61;Nom 62;Prenom 62;
62;Nom 63;Prenom 63;4
63;Nom 64;Prenom 64;23
64;Nom 65;Prenom 65;42
65;Nom 66;Prenom 66;
66;Nom 67;Prenom 67;35
67;Nom 68;Prenom 68;
68;Nom 69;Prenom 69;29
69;Nom 70;Prenom 70;40
70;Nom 71;Prenom 71;5
71;Nom 72;Prenom 72;
72;Nom 73;Prenom 73;
73;Nom 74;Prenom 74;30
74;Nom 75;Prenom 75;21
75;Nom 76;Prenom 76;9
76;Nom 77;Prenom 77;34
77;Nom 78;Prenom 78;43
78;Nom 79;Prenom 79;2
79;Nom 80;Prenom 80;28
80;Nom 81;Prenom 81;2
81;Nom 82;Prenom 82;
82;Nom 83;Prenom 83;10
83;Nom 84;Prenom 84;8
84;Nom 85;Prenom 85;19
85;Nom 86;Prenom 86;17
86;Nom 87;Prenom 87;
87;Nom 88;Prenom 88;23
88;Nom 89;Prenom 89;18
89;Nom 90;Prenom 90;43
90;Nom 91;Prenom 91;7
91;Nom 92;Prenom 92;42
92;Nom 93;Prenom 93;
93;Nom 94;Prenom 94;
94;Nom 95;Prenom 95;28
95;Nom 96;Prenom 96;1
96;Nom 97;Prenom 97;16
97;Nom 98;Prenom 98;
98;Nom 99;Prenom 99;24
99;Nom 100;Prenom 100;25
100;Nom 101;Prenom 101;
101;Nom 102;Prenom 102;
102;Nom 103;Prenom 103;9
103;Nom 104;Prenom 104;
104;Nom 105;Prenom 105;
105;Nom 106;Prenom 106;29
106;Nom 107;Prenom 107;17
107;Nom 108;Prenom 108;22
108;Nom 109;Prenom 109;12
109;Nom 110;Prenom 110;
110;Nom 111;Prenom 111;29
111;Nom 112;Prenom 112;
112;Nom 113;Prenom 113;18
113;Nom 114;Prenom 114;
114;Nom 115;Prenom 115;3
115;Nom 116;Prenom 116;27
116;Nom 117;Prenom 117;
117;Nom 118;Prenom 118;
118;Nom 119;Prenom 119;27
119;Nom 120;Prenom 120;12
120;Nom 121;Prenom 121;18
121;Nom 122;Prenom 122;25
122;Nom 123;Prenom 123;7
123;Nom 124;Prenom 124;48
124;Nom 125;Prenom 125;47
125;Nom 126;Prenom 126;
126;Nom 127;Prenom 127;22
127;Nom 128;Prenom 128;44
128;Nom 129;Prenom 129;
129;Nom 130;Prenom 130;35
130;Nom 131;Prenom 131;42
131;Nom 132;Prenom 132;
132;Nom 133;Prenom 133;18
133;Nom 134;Prenom 134;48
134;Nom 135;Prenom 135;14
135;Nom 136;Prenom 136;38
136;Nom 137;Prenom 137;
137;Nom 138;Prenom 138;27
138;Nom 139;Prenom 139;10
139;Nom 140;Prenom 140;18
140;Nom 141;Prenom 141;43
141;Nom 142;Prenom 142;5
142;Nom 143;Prenom 143;26
143;Nom 144;Prenom 144;
144;Nom 145;Prenom 145;50
145;Nom 146;Prenom 146;
146;Nom 147;Prenom 147;12
147;Nom 148;Prenom 148;
148;Nom 149;Prenom 149;7
149;Nom 150;Prenom 150;4
150;Nom 151;Prenom 151;10
151;Nom 152;Prenom 152;22
152;Nom 153;Prenom 153;41
153;Nom 154;Prenom 154;21
154;Nom 155;Prenom 155;16
155;Nom 156;Prenom 156;
156;Nom 157;Prenom 157;
157;Nom 158;Prenom 158;46
158;Nom 159;Prenom 159;
159;Nom 160;Prenom 160;50
160;Nom 161;Prenom 161;27
161;Nom 162;Prenom 162;23
162;Nom 163;Prenom 163;45
163;Nom 164;Prenom 164;33
164;Nom 165;Prenom 165;9
165;Nom 166;Prenom 166;8
166;Nom 167;Prenom 167;44
167;Nom 168;Prenom 168;39
168;Nom 169;Prenom 169;
169;Nom 170;Prenom 170;28
170;Nom 171;Prenom 171;26
171;Nom 172;Prenom 172;12
172;Nom 173;Prenom 173;25
173;Nom 174;Prenom 174;29
174;Nom 175;Prenom 175;40
175;Nom 176;Prenom 176;34
176;Nom 177;Prenom 177;
177;Nom 178;Prenom 178;
178;Nom 179;Prenom 179;24
179;Nom 180;Prenom 180;49
180;Nom 181;Prenom 181;
181;Nom 182;Prenom 182;
182;Nom 183;Prenom 183;17
183;Nom 184;Prenom 184;17
184;Nom 185;Prenom 185;
185;Nom 186;Prenom 186;
186;Nom 187;Prenom 187;
187;Nom 188;Prenom 188;46
188;Nom 189;Prenom 189;2
189;Nom 190;Prenom 190;2
190;Nom 191;Prenom 191;30
191;Nom 192;Prenom 192;
192;Nom 193;Prenom 193;
193;Nom 194;Prenom 194;
194;Nom 195;Prenom 195;
195;Nom 196;Prenom 196;36
196;Nom 197;Prenom 197;
197;Nom 198;Prenom 198;50
198;Nom 199;Prenom 199;21
199;Nom 200;Prenom 200;37
