1;Nom 1;Prenom 1;30/09/1986 00:00:00;Adresse 1;mail.1@gmail.com;0146348809;1
2;Nom 2;Prenom 2;17/08/1972 00:00:00;Adresse 2;mail.2@gmail.com;0446122132;3
3;Nom 3;Prenom 3;25/03/1961 00:00:00;Adresse 3;mail.3@gmail.com;0522306144;1
4;Nom 4;Prenom 4;22/09/1979 00:00:00;Adresse 4;mail.4@gmail.com;0473289445;2
5;Nom 5;Prenom 5;19/01/1960 00:00:00;Adresse 5;mail.5@gmail.com;0266121794;5
6;Nom 6;Prenom 6;13/01/1976 00:00:00;Adresse 6;mail.6@gmail.com;0454597822;2
7;Nom 7;Prenom 7;05/08/2002 00:00:00;Adresse 7;mail.7@gmail.com;0180595826;4
8;Nom 8;Prenom 8;31/07/1994 00:00:00;Adresse 8;mail.8@gmail.com;0688546467;3
9;Nom 9;Prenom 9;15/07/1981 00:00:00;Adresse 9;mail.9@gmail.com;0401321159;1
10;Nom 10;Prenom 10;26/09/1990 00:00:00;Adresse 10;mail.10@gmail.com;0552140905;1
11;Nom 11;Prenom 11;27/09/1969 00:00:00;Adresse 11;mail.11@gmail.com;0642084186;5
12;Nom 12;Prenom 12;14/08/1997 00:00:00;Adresse 12;mail.12@gmail.com;0111426632;2
13;Nom 13;Prenom 13;23/02/2003 00:00:00;Adresse 13;mail.13@gmail.com;0599005977;1
14;Nom 14;Prenom 14;14/01/1960 00:00:00;Adresse 14;mail.14@gmail.com;0329116948;1
15;Nom 15;Prenom 15;26/03/1963 00:00:00;Adresse 15;mail.15@gmail.com;0301450008;5
16;Nom 16;Prenom 16;18/02/1977 00:00:00;Adresse 16;mail.16@gmail.com;0173860065;4
17;Nom 17;Prenom 17;08/08/1962 00:00:00;Adresse 17;mail.17@gmail.com;0151194003;4
18;Nom 18;Prenom 18;22/05/2002 00:00:00;Adresse 18;mail.18@gmail.com;0111199350;3
19;Nom 19;Prenom 19;11/08/1960 00:00:00;Adresse 19;mail.19@gmail.com;0211405245;5
20;Nom 20;Prenom 20;17/12/1962 00:00:00;Adresse 20;mail.20@gmail.com;0231268902;1
21;Nom 21;Prenom 21;21/03/1997 00:00:00;Adresse 21;mail.21@gmail.com;0592016133;1
22;Nom 22;Prenom 22;14/11/1988 00:00:00;Adresse 22;mail.22@gmail.com;0326088894;2
23;Nom 23;Prenom 23;16/11/2002 00:00:00;Adresse 23;mail.23@gmail.com;0409138345;3
24;Nom 24;Prenom 24;14/05/1984 00:00:00;Adresse 24;mail.24@gmail.com;0621414304;4
25;Nom 25;Prenom 25;23/03/1989 00:00:00;Adresse 25;mail.25@gmail.com;0165396753;1
26;Nom 26;Prenom 26;08/06/1965 00:00:00;Adresse 26;mail.26@gmail.com;0118660251;1
27;Nom 27;Prenom 27;12/09/1992 00:00:00;Adresse 27;mail.27@gmail.com;0588844343;2
28;Nom 28;Prenom 28;05/11/1995 00:00:00;Adresse 28;mail.28@gmail.com;0212791923;3
29;Nom 29;Prenom 29;30/06/1968 00:00:00;Adresse 29;mail.29@gmail.com;0142702306;3
30;Nom 30;Prenom 30;02/03/2001 00:00:00;Adresse 30;mail.30@gmail.com;0640879931;4
31;Nom 31;Prenom 31;14/10/1996 00:00:00;Adresse 31;mail.31@gmail.com;0422028983;5
32;Nom 32;Prenom 32;08/09/1988 00:00:00;Adresse 32;mail.32@gmail.com;0431008487;4
33;Nom 33;Prenom 33;16/11/1977 00:00:00;Adresse 33;mail.33@gmail.com;0246157149;1
34;Nom 34;Prenom 34;04/08/1996 00:00:00;Adresse 34;mail.34@gmail.com;0363896411;1
35;Nom 35;Prenom 35;25/01/1971 00:00:00;Adresse 35;mail.35@gmail.com;0217313964;4
36;Nom 36;Prenom 36;12/08/1960 00:00:00;Adresse 36;mail.36@gmail.com;0425791486;1
37;Nom 37;Prenom 37;24/08/1982 00:00:00;Adresse 37;mail.37@gmail.com;0154048473;5
38;Nom 38;Prenom 38;21/07/2003 00:00:00;Adresse 38;mail.38@gmail.com;0400314639;4
39;Nom 39;Prenom 39;22/05/1981 00:00:00;Adresse 39;mail.39@gmail.com;0328217632;4
40;Nom 40;Prenom 40;31/05/1967 00:00:00;Adresse 40;mail.40@gmail.com;0444402466;1
41;Nom 41;Prenom 41;07/08/1979 00:00:00;Adresse 41;mail.41@gmail.com;0508080267;2
42;Nom 42;Prenom 42;10/02/1974 00:00:00;Adresse 42;mail.42@gmail.com;0623587180;3
43;Nom 43;Prenom 43;16/09/1975 00:00:00;Adresse 43;mail.43@gmail.com;0691092233;3
44;Nom 44;Prenom 44;13/05/1978 00:00:00;Adresse 44;mail.44@gmail.com;0225657250;2
45;Nom 45;Prenom 45;02/02/1978 00:00:00;Adresse 45;mail.45@gmail.com;0506540791;2
46;Nom 46;Prenom 46;13/10/1966 00:00:00;Adresse 46;mail.46@gmail.com;0396905583;3
47;Nom 47;Prenom 47;11/02/1968 00:00:00;Adresse 47;mail.47@gmail.com;0675925494;1
48;Nom 48;Prenom 48;20/06/1999 00:00:00;Adresse 48;mail.48@gmail.com;0495664713;5
49;Nom 49;Prenom 49;13/06/1965 00:00:00;Adresse 49;mail.49@gmail.com;0529692654;4
50;Nom 50;Prenom 50;17/03/1980 00:00:00;Adresse 50;mail.50@gmail.com;0465792154;5
51;Nom 51;Prenom 51;23/03/1991 00:00:00;Adresse 51;mail.51@gmail.com;0227138945;5
52;Nom 52;Prenom 52;01/10/1972 00:00:00;Adresse 52;mail.52@gmail.com;0457790901;3
53;Nom 53;Prenom 53;05/09/1986 00:00:00;Adresse 53;mail.53@gmail.com;0229570858;3
54;Nom 54;Prenom 54;30/07/1966 00:00:00;Adresse 54;mail.54@gmail.com;0176256251;1
55;Nom 55;Prenom 55;13/11/1999 00:00:00;Adresse 55;mail.55@gmail.com;0349725454;4
56;Nom 56;Prenom 56;06/10/2001 00:00:00;Adresse 56;mail.56@gmail.com;0631944071;1
57;Nom 57;Prenom 57;29/01/1989 00:00:00;Adresse 57;mail.57@gmail.com;0690810639;5
58;Nom 58;Prenom 58;30/05/1978 00:00:00;Adresse 58;mail.58@gmail.com;0175331211;4
59;Nom 59;Prenom 59;07/03/1981 00:00:00;Adresse 59;mail.59@gmail.com;0328561181;2
60;Nom 60;Prenom 60;01/11/1968 00:00:00;Adresse 60;mail.60@gmail.com;0350870276;1
61;Nom 61;Prenom 61;24/09/1971 00:00:00;Adresse 61;mail.61@gmail.com;0533042910;2
62;Nom 62;Prenom 62;24/02/1966 00:00:00;Adresse 62;mail.62@gmail.com;0483854014;2
63;Nom 63;Prenom 63;02/09/1973 00:00:00;Adresse 63;mail.63@gmail.com;0241043845;3
64;Nom 64;Prenom 64;05/03/1995 00:00:00;Adresse 64;mail.64@gmail.com;0111530879;3
65;Nom 65;Prenom 65;27/02/1995 00:00:00;Adresse 65;mail.65@gmail.com;0241754702;1
66;Nom 66;Prenom 66;22/02/1981 00:00:00;Adresse 66;mail.66@gmail.com;0113004347;2
67;Nom 67;Prenom 67;29/12/1990 00:00:00;Adresse 67;mail.67@gmail.com;0189507118;1
68;Nom 68;Prenom 68;04/06/1997 00:00:00;Adresse 68;mail.68@gmail.com;0112966943;3
69;Nom 69;Prenom 69;05/04/1981 00:00:00;Adresse 69;mail.69@gmail.com;0549373388;4
70;Nom 70;Prenom 70;02/04/1966 00:00:00;Adresse 70;mail.70@gmail.com;0495688338;2
71;Nom 71;Prenom 71;25/04/1974 00:00:00;Adresse 71;mail.71@gmail.com;0233778264;4
72;Nom 72;Prenom 72;30/08/1965 00:00:00;Adresse 72;mail.72@gmail.com;0319676762;5
73;Nom 73;Prenom 73;07/12/1972 00:00:00;Adresse 73;mail.73@gmail.com;0592482864;1
74;Nom 74;Prenom 74;16/03/1968 00:00:00;Adresse 74;mail.74@gmail.com;0634123174;1
75;Nom 75;Prenom 75;23/08/2003 00:00:00;Adresse 75;mail.75@gmail.com;0454684897;5
76;Nom 76;Prenom 76;02/09/1989 00:00:00;Adresse 76;mail.76@gmail.com;0690994790;2
77;Nom 77;Prenom 77;26/07/1985 00:00:00;Adresse 77;mail.77@gmail.com;0384356179;3
78;Nom 78;Prenom 78;19/07/2003 00:00:00;Adresse 78;mail.78@gmail.com;0489142737;2
79;Nom 79;Prenom 79;16/08/1988 00:00:00;Adresse 79;mail.79@gmail.com;0596562134;2
80;Nom 80;Prenom 80;24/02/1989 00:00:00;Adresse 80;mail.80@gmail.com;0486008123;4
81;Nom 81;Prenom 81;06/08/1964 00:00:00;Adresse 81;mail.81@gmail.com;0177578888;5
82;Nom 82;Prenom 82;02/12/1988 00:00:00;Adresse 82;mail.82@gmail.com;0458895965;2
83;Nom 83;Prenom 83;12/12/1972 00:00:00;Adresse 83;mail.83@gmail.com;0173135936;1
84;Nom 84;Prenom 84;11/12/2001 00:00:00;Adresse 84;mail.84@gmail.com;0164934735;3
85;Nom 85;Prenom 85;02/01/1984 00:00:00;Adresse 85;mail.85@gmail.com;0199411926;3
86;Nom 86;Prenom 86;14/08/1978 00:00:00;Adresse 86;mail.86@gmail.com;0594603872;2
87;Nom 87;Prenom 87;24/03/1979 00:00:00;Adresse 87;mail.87@gmail.com;0165409771;5
88;Nom 88;Prenom 88;06/10/1993 00:00:00;Adresse 88;mail.88@gmail.com;0153821231;2
89;Nom 89;Prenom 89;07/05/1987 00:00:00;Adresse 89;mail.89@gmail.com;0468001116;1
90;Nom 90;Prenom 90;02/04/1964 00:00:00;Adresse 90;mail.90@gmail.com;0501845487;5
91;Nom 91;Prenom 91;20/10/1992 00:00:00;Adresse 91;mail.91@gmail.com;0322707209;3
92;Nom 92;Prenom 92;05/10/1981 00:00:00;Adresse 92;mail.92@gmail.com;0641496221;3
93;Nom 93;Prenom 93;11/09/1995 00:00:00;Adresse 93;mail.93@gmail.com;0517942484;3
94;Nom 94;Prenom 94;18/09/1972 00:00:00;Adresse 94;mail.94@gmail.com;0173119359;5
95;Nom 95;Prenom 95;30/05/1962 00:00:00;Adresse 95;mail.95@gmail.com;0138311709;2
96;Nom 96;Prenom 96;06/01/2002 00:00:00;Adresse 96;mail.96@gmail.com;0662646929;5
97;Nom 97;Prenom 97;14/10/1981 00:00:00;Adresse 97;mail.97@gmail.com;0235287406;5
98;Nom 98;Prenom 98;01/05/1973 00:00:00;Adresse 98;mail.98@gmail.com;0630699423;5
99;Nom 99;Prenom 99;28/07/1977 00:00:00;Adresse 99;mail.99@gmail.com;0436136977;4
100;Nom 100;Prenom 100;09/06/1969 00:00:00;Adresse 100;mail.100@gmail.com;0187406923;3
101;Nom 101;Prenom 101;31/01/1971 00:00:00;Adresse 101;mail.101@gmail.com;0301532196;5
102;Nom 102;Prenom 102;19/11/1998 00:00:00;Adresse 102;mail.102@gmail.com;0221789615;5
103;Nom 103;Prenom 103;05/10/1987 00:00:00;Adresse 103;mail.103@gmail.com;0442449087;3
104;Nom 104;Prenom 104;18/09/1990 00:00:00;Adresse 104;mail.104@gmail.com;0232505970;1
105;Nom 105;Prenom 105;02/03/1984 00:00:00;Adresse 105;mail.105@gmail.com;0121500638;4
106;Nom 106;Prenom 106;19/05/1967 00:00:00;Adresse 106;mail.106@gmail.com;0239362676;1
107;Nom 107;Prenom 107;01/02/1983 00:00:00;Adresse 107;mail.107@gmail.com;0541681934;1
108;Nom 108;Prenom 108;16/01/1965 00:00:00;Adresse 108;mail.108@gmail.com;0384641508;2
109;Nom 109;Prenom 109;28/10/1981 00:00:00;Adresse 109;mail.109@gmail.com;0417305898;3
110;Nom 110;Prenom 110;09/04/1991 00:00:00;Adresse 110;mail.110@gmail.com;0532792873;2
111;Nom 111;Prenom 111;19/07/1982 00:00:00;Adresse 111;mail.111@gmail.com;0416373500;5
112;Nom 112;Prenom 112;21/07/1970 00:00:00;Adresse 112;mail.112@gmail.com;0269886000;3
113;Nom 113;Prenom 113;28/06/1999 00:00:00;Adresse 113;mail.113@gmail.com;0140633963;5
114;Nom 114;Prenom 114;10/09/1970 00:00:00;Adresse 114;mail.114@gmail.com;0449411229;4
115;Nom 115;Prenom 115;29/06/1990 00:00:00;Adresse 115;mail.115@gmail.com;0524116119;4
116;Nom 116;Prenom 116;26/09/1993 00:00:00;Adresse 116;mail.116@gmail.com;0632070013;2
117;Nom 117;Prenom 117;27/01/1981 00:00:00;Adresse 117;mail.117@gmail.com;0563108345;5
118;Nom 118;Prenom 118;24/05/1975 00:00:00;Adresse 118;mail.118@gmail.com;0617941592;1
119;Nom 119;Prenom 119;17/10/1967 00:00:00;Adresse 119;mail.119@gmail.com;0447001146;2
120;Nom 120;Prenom 120;27/10/1984 00:00:00;Adresse 120;mail.120@gmail.com;0225398393;1
121;Nom 121;Prenom 121;01/06/1992 00:00:00;Adresse 121;mail.121@gmail.com;0353154002;2
122;Nom 122;Prenom 122;15/06/1967 00:00:00;Adresse 122;mail.122@gmail.com;0588989289;1
123;Nom 123;Prenom 123;11/08/1992 00:00:00;Adresse 123;mail.123@gmail.com;0581574291;3
124;Nom 124;Prenom 124;01/04/1962 00:00:00;Adresse 124;mail.124@gmail.com;0289047313;4
125;Nom 125;Prenom 125;13/04/1965 00:00:00;Adresse 125;mail.125@gmail.com;0556584154;3
126;Nom 126;Prenom 126;31/07/2000 00:00:00;Adresse 126;mail.126@gmail.com;0207737193;2
127;Nom 127;Prenom 127;26/05/1968 00:00:00;Adresse 127;mail.127@gmail.com;0537898243;5
128;Nom 128;Prenom 128;07/04/1976 00:00:00;Adresse 128;mail.128@gmail.com;0350530093;4
129;Nom 129;Prenom 129;04/05/1970 00:00:00;Adresse 129;mail.129@gmail.com;0169976382;2
130;Nom 130;Prenom 130;14/06/1984 00:00:00;Adresse 130;mail.130@gmail.com;0273247930;5
131;Nom 131;Prenom 131;11/02/1970 00:00:00;Adresse 131;mail.131@gmail.com;0187620293;1
132;Nom 132;Prenom 132;30/06/1979 00:00:00;Adresse 132;mail.132@gmail.com;0310029234;5
133;Nom 133;Prenom 133;15/12/1963 00:00:00;Adresse 133;mail.133@gmail.com;0111118923;3
134;Nom 134;Prenom 134;21/01/2000 00:00:00;Adresse 134;mail.134@gmail.com;0131196751;1
135;Nom 135;Prenom 135;21/05/2000 00:00:00;Adresse 135;mail.135@gmail.com;0697576769;5
136;Nom 136;Prenom 136;22/04/1992 00:00:00;Adresse 136;mail.136@gmail.com;0272066091;4
137;Nom 137;Prenom 137;26/10/1977 00:00:00;Adresse 137;mail.137@gmail.com;0434146965;1
138;Nom 138;Prenom 138;27/09/1985 00:00:00;Adresse 138;mail.138@gmail.com;0635885419;1
139;Nom 139;Prenom 139;17/10/1973 00:00:00;Adresse 139;mail.139@gmail.com;0121490534;5
140;Nom 140;Prenom 140;19/06/1967 00:00:00;Adresse 140;mail.140@gmail.com;0674833933;5
141;Nom 141;Prenom 141;15/06/1981 00:00:00;Adresse 141;mail.141@gmail.com;0154798554;4
142;Nom 142;Prenom 142;19/10/1970 00:00:00;Adresse 142;mail.142@gmail.com;0450680597;4
143;Nom 143;Prenom 143;25/08/1999 00:00:00;Adresse 143;mail.143@gmail.com;0409200745;5
144;Nom 144;Prenom 144;25/06/1982 00:00:00;Adresse 144;mail.144@gmail.com;0107162342;1
145;Nom 145;Prenom 145;01/04/1960 00:00:00;Adresse 145;mail.145@gmail.com;0386747386;2
146;Nom 146;Prenom 146;31/07/1968 00:00:00;Adresse 146;mail.146@gmail.com;0226676946;3
147;Nom 147;Prenom 147;20/02/2000 00:00:00;Adresse 147;mail.147@gmail.com;0102406183;1
148;Nom 148;Prenom 148;28/01/1987 00:00:00;Adresse 148;mail.148@gmail.com;0237375790;5
149;Nom 149;Prenom 149;09/06/1996 00:00:00;Adresse 149;mail.149@gmail.com;0486716388;1
150;Nom 150;Prenom 150;13/06/1964 00:00:00;Adresse 150;mail.150@gmail.com;0285037857;1
151;Nom 151;Prenom 151;05/03/1966 00:00:00;Adresse 151;mail.151@gmail.com;0362371999;4
152;Nom 152;Prenom 152;21/01/2000 00:00:00;Adresse 152;mail.152@gmail.com;0496121641;2
153;Nom 153;Prenom 153;04/04/1977 00:00:00;Adresse 153;mail.153@gmail.com;0437565137;1
154;Nom 154;Prenom 154;13/11/1961 00:00:00;Adresse 154;mail.154@gmail.com;0582767332;4
155;Nom 155;Prenom 155;17/10/1996 00:00:00;Adresse 155;mail.155@gmail.com;0227003796;3
156;Nom 156;Prenom 156;12/03/1960 00:00:00;Adresse 156;mail.156@gmail.com;0242750631;5
157;Nom 157;Prenom 157;16/10/1964 00:00:00;Adresse 157;mail.157@gmail.com;0582159473;5
158;Nom 158;Prenom 158;21/06/2001 00:00:00;Adresse 158;mail.158@gmail.com;0613066718;3
159;Nom 159;Prenom 159;18/08/1998 00:00:00;Adresse 159;mail.159@gmail.com;0254913026;4
160;Nom 160;Prenom 160;12/11/1997 00:00:00;Adresse 160;mail.160@gmail.com;0451927089;4
161;Nom 161;Prenom 161;15/07/1997 00:00:00;Adresse 161;mail.161@gmail.com;0136322019;3
162;Nom 162;Prenom 162;28/05/1961 00:00:00;Adresse 162;mail.162@gmail.com;0257259522;5
163;Nom 163;Prenom 163;06/02/2001 00:00:00;Adresse 163;mail.163@gmail.com;0127923284;1
164;Nom 164;Prenom 164;16/09/1966 00:00:00;Adresse 164;mail.164@gmail.com;0235157250;2
165;Nom 165;Prenom 165;25/05/1970 00:00:00;Adresse 165;mail.165@gmail.com;0583165461;2
166;Nom 166;Prenom 166;09/12/1987 00:00:00;Adresse 166;mail.166@gmail.com;0620631284;2
167;Nom 167;Prenom 167;26/11/1962 00:00:00;Adresse 167;mail.167@gmail.com;0660598441;5
168;Nom 168;Prenom 168;18/03/1992 00:00:00;Adresse 168;mail.168@gmail.com;0110447241;1
169;Nom 169;Prenom 169;16/06/1993 00:00:00;Adresse 169;mail.169@gmail.com;0307197987;2
170;Nom 170;Prenom 170;12/01/1992 00:00:00;Adresse 170;mail.170@gmail.com;0118209610;1
171;Nom 171;Prenom 171;01/01/1998 00:00:00;Adresse 171;mail.171@gmail.com;0481670703;4
172;Nom 172;Prenom 172;29/02/1964 00:00:00;Adresse 172;mail.172@gmail.com;0439030262;2
173;Nom 173;Prenom 173;03/04/1997 00:00:00;Adresse 173;mail.173@gmail.com;0535267737;2
174;Nom 174;Prenom 174;31/12/1970 00:00:00;Adresse 174;mail.174@gmail.com;0694475409;3
175;Nom 175;Prenom 175;04/07/1967 00:00:00;Adresse 175;mail.175@gmail.com;0673209375;2
176;Nom 176;Prenom 176;11/10/1995 00:00:00;Adresse 176;mail.176@gmail.com;0344897721;3
177;Nom 177;Prenom 177;25/12/1970 00:00:00;Adresse 177;mail.177@gmail.com;0317139909;2
178;Nom 178;Prenom 178;11/02/1987 00:00:00;Adresse 178;mail.178@gmail.com;0449637080;3
179;Nom 179;Prenom 179;03/09/1963 00:00:00;Adresse 179;mail.179@gmail.com;0105957186;4
180;Nom 180;Prenom 180;17/01/1961 00:00:00;Adresse 180;mail.180@gmail.com;0264568722;1
181;Nom 181;Prenom 181;12/12/1984 00:00:00;Adresse 181;mail.181@gmail.com;0623522857;5
182;Nom 182;Prenom 182;10/12/1962 00:00:00;Adresse 182;mail.182@gmail.com;0382281134;1
183;Nom 183;Prenom 183;30/04/1961 00:00:00;Adresse 183;mail.183@gmail.com;0268289096;4
184;Nom 184;Prenom 184;18/03/1960 00:00:00;Adresse 184;mail.184@gmail.com;0230190786;2
185;Nom 185;Prenom 185;10/03/1965 00:00:00;Adresse 185;mail.185@gmail.com;0599197370;3
186;Nom 186;Prenom 186;26/05/1987 00:00:00;Adresse 186;mail.186@gmail.com;0490311134;5
187;Nom 187;Prenom 187;16/04/1967 00:00:00;Adresse 187;mail.187@gmail.com;0343795345;1
188;Nom 188;Prenom 188;01/01/2001 00:00:00;Adresse 188;mail.188@gmail.com;0240616640;4
189;Nom 189;Prenom 189;07/11/1970 00:00:00;Adresse 189;mail.189@gmail.com;0281395560;3
190;Nom 190;Prenom 190;16/10/1964 00:00:00;Adresse 190;mail.190@gmail.com;0588790444;4
191;Nom 191;Prenom 191;01/09/1962 00:00:00;Adresse 191;mail.191@gmail.com;0545655373;1
192;Nom 192;Prenom 192;16/09/1979 00:00:00;Adresse 192;mail.192@gmail.com;0123506684;3
193;Nom 193;Prenom 193;17/10/1960 00:00:00;Adresse 193;mail.193@gmail.com;0282454383;1
194;Nom 194;Prenom 194;19/09/1962 00:00:00;Adresse 194;mail.194@gmail.com;0353439767;5
195;Nom 195;Prenom 195;23/06/1967 00:00:00;Adresse 195;mail.195@gmail.com;0579584879;3
196;Nom 196;Prenom 196;21/02/1990 00:00:00;Adresse 196;mail.196@gmail.com;0664928453;5
197;Nom 197;Prenom 197;24/01/1987 00:00:00;Adresse 197;mail.197@gmail.com;0237023708;2
198;Nom 198;Prenom 198;04/04/1983 00:00:00;Adresse 198;mail.198@gmail.com;0519302604;1
199;Nom 199;Prenom 199;24/11/1970 00:00:00;Adresse 199;mail.199@gmail.com;0570364464;3
200;Nom 200;Prenom 200;23/05/1976 00:00:00;Adresse 200;mail.200@gmail.com;0299303686;5
