1;Raison sociale 1;mail 1
2;Raison sociale 2;mail 2
3;Raison sociale 3;mail 3
4;Raison sociale 4;mail 4
5;Raison sociale 5;mail 5
6;Raison sociale 6;mail 6
7;Raison sociale 7;mail 7
8;Raison sociale 8;mail 8
9;Raison sociale 9;mail 9
10;Raison sociale 10;mail 10
11;Raison sociale 11;mail 11
12;Raison sociale 12;mail 12
13;Raison sociale 13;mail 13
14;Raison sociale 14;mail 14
15;Raison sociale 15;mail 15
16;Raison sociale 16;mail 16
17;Raison sociale 17;mail 17
18;Raison sociale 18;mail 18
19;Raison sociale 19;mail 19
20;Raison sociale 20;mail 20
21;Raison sociale 21;mail 21
22;Raison sociale 22;mail 22
23;Raison sociale 23;mail 23
24;Raison sociale 24;mail 24
25;Raison sociale 25;mail 25
26;Raison sociale 26;mail 26
27;Raison sociale 27;mail 27
28;Raison sociale 28;mail 28
29;Raison sociale 29;mail 29
30;Raison sociale 30;mail 30
31;Raison sociale 31;mail 31
32;Raison sociale 32;mail 32
33;Raison sociale 33;mail 33
34;Raison sociale 34;mail 34
35;Raison sociale 35;mail 35
36;Raison sociale 36;mail 36
37;Raison sociale 37;mail 37
38;Raison sociale 38;mail 38
39;Raison sociale 39;mail 39
40;Raison sociale 40;mail 40
41;Raison sociale 41;mail 41
42;Raison sociale 42;mail 42
43;Raison sociale 43;mail 43
44;Raison sociale 44;mail 44
45;Raison sociale 45;mail 45
46;Raison sociale 46;mail 46
47;Raison sociale 47;mail 47
48;Raison sociale 48;mail 48
49;Raison sociale 49;mail 49
50;Raison sociale 50;mail 50
