1;Nom 1;Prenom 1;03/05/1982 00:00:00;Adresse 1;mail.1@gmail.com;278976719
2;Nom 2;Prenom 2;11/05/1986 00:00:00;Adresse 2;mail.2@gmail.com;403640098
3;Nom 3;Prenom 3;01/10/1980 00:00:00;Adresse 3;mail.3@gmail.com;135318406
4;Nom 4;Prenom 4;05/10/2001 00:00:00;Adresse 4;mail.4@gmail.com;637461759
5;Nom 5;Prenom 5;12/03/1971 00:00:00;Adresse 5;mail.5@gmail.com;109301828
6;Nom 6;Prenom 6;05/11/1963 00:00:00;Adresse 6;mail.6@gmail.com;537073664
7;Nom 7;Prenom 7;03/12/1994 00:00:00;Adresse 7;mail.7@gmail.com;310674807
8;Nom 8;Prenom 8;12/03/1997 00:00:00;Adresse 8;mail.8@gmail.com;370910704
9;Nom 9;Prenom 9;09/02/1972 00:00:00;Adresse 9;mail.9@gmail.com;672748575
10;Nom 10;Prenom 10;08/09/1985 00:00:00;Adresse 10;mail.10@gmail.com;552635778
11;Nom 11;Prenom 11;13/03/1970 00:00:00;Adresse 11;mail.11@gmail.com;447144520
12;Nom 12;Prenom 12;21/02/1974 00:00:00;Adresse 12;mail.12@gmail.com;559717700
13;Nom 13;Prenom 13;12/08/1980 00:00:00;Adresse 13;mail.13@gmail.com;197189942
14;Nom 14;Prenom 14;13/03/1995 00:00:00;Adresse 14;mail.14@gmail.com;188104123
15;Nom 15;Prenom 15;03/08/1969 00:00:00;Adresse 15;mail.15@gmail.com;461315052
16;Nom 16;Prenom 16;26/07/1968 00:00:00;Adresse 16;mail.16@gmail.com;614782209
17;Nom 17;Prenom 17;01/09/1982 00:00:00;Adresse 17;mail.17@gmail.com;655739573
18;Nom 18;Prenom 18;09/05/1960 00:00:00;Adresse 18;mail.18@gmail.com;386301962
19;Nom 19;Prenom 19;11/09/1972 00:00:00;Adresse 19;mail.19@gmail.com;554100554
20;Nom 20;Prenom 20;12/11/1960 00:00:00;Adresse 20;mail.20@gmail.com;341160890
21;Nom 21;Prenom 21;28/01/1996 00:00:00;Adresse 21;mail.21@gmail.com;204559186
22;Nom 22;Prenom 22;14/10/1968 00:00:00;Adresse 22;mail.22@gmail.com;239792065
23;Nom 23;Prenom 23;26/04/1984 00:00:00;Adresse 23;mail.23@gmail.com;561132476
24;Nom 24;Prenom 24;13/02/1993 00:00:00;Adresse 24;mail.24@gmail.com;285339687
25;Nom 25;Prenom 25;11/04/1995 00:00:00;Adresse 25;mail.25@gmail.com;162560486
26;Nom 26;Prenom 26;08/04/1961 00:00:00;Adresse 26;mail.26@gmail.com;223242231
27;Nom 27;Prenom 27;01/07/1989 00:00:00;Adresse 27;mail.27@gmail.com;306283877
28;Nom 28;Prenom 28;11/09/2001 00:00:00;Adresse 28;mail.28@gmail.com;697773236
29;Nom 29;Prenom 29;20/07/2000 00:00:00;Adresse 29;mail.29@gmail.com;675714080
30;Nom 30;Prenom 30;11/02/1989 00:00:00;Adresse 30;mail.30@gmail.com;698271270
31;Nom 31;Prenom 31;19/05/2003 00:00:00;Adresse 31;mail.31@gmail.com;626162534
32;Nom 32;Prenom 32;28/08/1994 00:00:00;Adresse 32;mail.32@gmail.com;350158753
33;Nom 33;Prenom 33;06/07/1983 00:00:00;Adresse 33;mail.33@gmail.com;625040594
34;Nom 34;Prenom 34;30/10/1979 00:00:00;Adresse 34;mail.34@gmail.com;294264561
35;Nom 35;Prenom 35;01/08/1979 00:00:00;Adresse 35;mail.35@gmail.com;642459650
36;Nom 36;Prenom 36;11/10/1965 00:00:00;Adresse 36;mail.36@gmail.com;198609830
37;Nom 37;Prenom 37;15/07/1993 00:00:00;Adresse 37;mail.37@gmail.com;565011026
38;Nom 38;Prenom 38;25/03/1990 00:00:00;Adresse 38;mail.38@gmail.com;457340002
39;Nom 39;Prenom 39;03/07/1968 00:00:00;Adresse 39;mail.39@gmail.com;516550921
40;Nom 40;Prenom 40;23/12/1989 00:00:00;Adresse 40;mail.40@gmail.com;401311217
41;Nom 41;Prenom 41;22/07/1989 00:00:00;Adresse 41;mail.41@gmail.com;456811479
42;Nom 42;Prenom 42;20/03/1964 00:00:00;Adresse 42;mail.42@gmail.com;393074734
43;Nom 43;Prenom 43;05/12/1973 00:00:00;Adresse 43;mail.43@gmail.com;558655181
44;Nom 44;Prenom 44;04/03/1996 00:00:00;Adresse 44;mail.44@gmail.com;488596561
45;Nom 45;Prenom 45;24/05/2001 00:00:00;Adresse 45;mail.45@gmail.com;313822456
46;Nom 46;Prenom 46;17/03/2003 00:00:00;Adresse 46;mail.46@gmail.com;277195177
47;Nom 47;Prenom 47;08/06/1974 00:00:00;Adresse 47;mail.47@gmail.com;536032134
48;Nom 48;Prenom 48;16/10/1968 00:00:00;Adresse 48;mail.48@gmail.com;640551754
49;Nom 49;Prenom 49;28/02/2003 00:00:00;Adresse 49;mail.49@gmail.com;470664603
50;Nom 50;Prenom 50;05/05/2000 00:00:00;Adresse 50;mail.50@gmail.com;314982917
51;Nom 51;Prenom 51;20/12/1963 00:00:00;Adresse 51;mail.51@gmail.com;657648227
52;Nom 52;Prenom 52;09/10/2001 00:00:00;Adresse 52;mail.52@gmail.com;313169662
53;Nom 53;Prenom 53;16/07/1996 00:00:00;Adresse 53;mail.53@gmail.com;434807321
54;Nom 54;Prenom 54;04/06/1965 00:00:00;Adresse 54;mail.54@gmail.com;426923884
55;Nom 55;Prenom 55;14/10/1961 00:00:00;Adresse 55;mail.55@gmail.com;237219586
56;Nom 56;Prenom 56;23/03/1969 00:00:00;Adresse 56;mail.56@gmail.com;105261011
57;Nom 57;Prenom 57;30/05/1995 00:00:00;Adresse 57;mail.57@gmail.com;525269889
58;Nom 58;Prenom 58;24/02/1981 00:00:00;Adresse 58;mail.58@gmail.com;451840936
59;Nom 59;Prenom 59;26/02/1979 00:00:00;Adresse 59;mail.59@gmail.com;696170933
60;Nom 60;Prenom 60;25/10/1978 00:00:00;Adresse 60;mail.60@gmail.com;438412121
61;Nom 61;Prenom 61;26/07/2002 00:00:00;Adresse 61;mail.61@gmail.com;657230629
62;Nom 62;Prenom 62;12/12/1977 00:00:00;Adresse 62;mail.62@gmail.com;345725590
63;Nom 63;Prenom 63;17/12/2000 00:00:00;Adresse 63;mail.63@gmail.com;460506945
64;Nom 64;Prenom 64;20/02/1971 00:00:00;Adresse 64;mail.64@gmail.com;658187929
65;Nom 65;Prenom 65;21/12/1966 00:00:00;Adresse 65;mail.65@gmail.com;579061178
66;Nom 66;Prenom 66;27/08/1979 00:00:00;Adresse 66;mail.66@gmail.com;691638739
67;Nom 67;Prenom 67;08/03/1989 00:00:00;Adresse 67;mail.67@gmail.com;535556077
68;Nom 68;Prenom 68;06/09/1977 00:00:00;Adresse 68;mail.68@gmail.com;578740529
69;Nom 69;Prenom 69;12/03/1988 00:00:00;Adresse 69;mail.69@gmail.com;532791291
70;Nom 70;Prenom 70;06/05/2000 00:00:00;Adresse 70;mail.70@gmail.com;645481058
71;Nom 71;Prenom 71;22/09/1982 00:00:00;Adresse 71;mail.71@gmail.com;685375190
72;Nom 72;Prenom 72;18/08/1985 00:00:00;Adresse 72;mail.72@gmail.com;429444689
73;Nom 73;Prenom 73;13/12/2000 00:00:00;Adresse 73;mail.73@gmail.com;300098643
74;Nom 74;Prenom 74;24/07/1985 00:00:00;Adresse 74;mail.74@gmail.com;259522951
75;Nom 75;Prenom 75;14/07/1973 00:00:00;Adresse 75;mail.75@gmail.com;472722734
76;Nom 76;Prenom 76;09/10/1976 00:00:00;Adresse 76;mail.76@gmail.com;571081793
77;Nom 77;Prenom 77;23/04/1974 00:00:00;Adresse 77;mail.77@gmail.com;650021340
78;Nom 78;Prenom 78;07/07/1963 00:00:00;Adresse 78;mail.78@gmail.com;496906691
79;Nom 79;Prenom 79;26/12/1997 00:00:00;Adresse 79;mail.79@gmail.com;572432834
80;Nom 80;Prenom 80;18/07/1999 00:00:00;Adresse 80;mail.80@gmail.com;592123767
81;Nom 81;Prenom 81;02/08/1998 00:00:00;Adresse 81;mail.81@gmail.com;342535879
82;Nom 82;Prenom 82;19/11/1961 00:00:00;Adresse 82;mail.82@gmail.com;390652503
83;Nom 83;Prenom 83;25/11/1972 00:00:00;Adresse 83;mail.83@gmail.com;215800407
84;Nom 84;Prenom 84;23/02/1960 00:00:00;Adresse 84;mail.84@gmail.com;312546911
85;Nom 85;Prenom 85;22/04/1960 00:00:00;Adresse 85;mail.85@gmail.com;671950026
86;Nom 86;Prenom 86;06/08/1961 00:00:00;Adresse 86;mail.86@gmail.com;316729017
87;Nom 87;Prenom 87;12/02/1961 00:00:00;Adresse 87;mail.87@gmail.com;361381254
88;Nom 88;Prenom 88;05/10/2003 00:00:00;Adresse 88;mail.88@gmail.com;161275468
89;Nom 89;Prenom 89;27/03/1968 00:00:00;Adresse 89;mail.89@gmail.com;152302822
90;Nom 90;Prenom 90;23/06/2003 00:00:00;Adresse 90;mail.90@gmail.com;698230058
91;Nom 91;Prenom 91;09/07/1982 00:00:00;Adresse 91;mail.91@gmail.com;477921207
92;Nom 92;Prenom 92;24/09/1982 00:00:00;Adresse 92;mail.92@gmail.com;610850344
93;Nom 93;Prenom 93;03/03/1963 00:00:00;Adresse 93;mail.93@gmail.com;654623189
94;Nom 94;Prenom 94;17/03/1968 00:00:00;Adresse 94;mail.94@gmail.com;632106200
95;Nom 95;Prenom 95;03/02/1973 00:00:00;Adresse 95;mail.95@gmail.com;481052194
96;Nom 96;Prenom 96;04/01/1968 00:00:00;Adresse 96;mail.96@gmail.com;129105227
97;Nom 97;Prenom 97;24/02/1992 00:00:00;Adresse 97;mail.97@gmail.com;430060149
98;Nom 98;Prenom 98;03/05/1982 00:00:00;Adresse 98;mail.98@gmail.com;612202894
99;Nom 99;Prenom 99;16/08/1996 00:00:00;Adresse 99;mail.99@gmail.com;379906310
100;Nom 100;Prenom 100;02/08/1980 00:00:00;Adresse 100;mail.100@gmail.com;548184842
101;Nom 101;Prenom 101;08/06/1996 00:00:00;Adresse 101;mail.101@gmail.com;278991239
102;Nom 102;Prenom 102;13/01/1983 00:00:00;Adresse 102;mail.102@gmail.com;197562819
103;Nom 103;Prenom 103;29/03/1973 00:00:00;Adresse 103;mail.103@gmail.com;333463733
104;Nom 104;Prenom 104;09/07/1974 00:00:00;Adresse 104;mail.104@gmail.com;689909749
105;Nom 105;Prenom 105;17/04/1995 00:00:00;Adresse 105;mail.105@gmail.com;570471746
106;Nom 106;Prenom 106;18/09/1985 00:00:00;Adresse 106;mail.106@gmail.com;539686672
107;Nom 107;Prenom 107;22/11/1968 00:00:00;Adresse 107;mail.107@gmail.com;260157778
108;Nom 108;Prenom 108;21/10/1975 00:00:00;Adresse 108;mail.108@gmail.com;666409615
109;Nom 109;Prenom 109;18/03/1996 00:00:00;Adresse 109;mail.109@gmail.com;310640506
110;Nom 110;Prenom 110;15/11/1989 00:00:00;Adresse 110;mail.110@gmail.com;576027474
111;Nom 111;Prenom 111;08/02/1999 00:00:00;Adresse 111;mail.111@gmail.com;607910100
112;Nom 112;Prenom 112;17/02/1980 00:00:00;Adresse 112;mail.112@gmail.com;619866769
113;Nom 113;Prenom 113;01/07/2003 00:00:00;Adresse 113;mail.113@gmail.com;528827665
114;Nom 114;Prenom 114;09/07/1974 00:00:00;Adresse 114;mail.114@gmail.com;116524172
115;Nom 115;Prenom 115;19/03/1989 00:00:00;Adresse 115;mail.115@gmail.com;531401248
116;Nom 116;Prenom 116;01/02/1986 00:00:00;Adresse 116;mail.116@gmail.com;620323894
117;Nom 117;Prenom 117;28/08/1978 00:00:00;Adresse 117;mail.117@gmail.com;146052527
118;Nom 118;Prenom 118;25/02/1999 00:00:00;Adresse 118;mail.118@gmail.com;479667122
119;Nom 119;Prenom 119;12/03/1990 00:00:00;Adresse 119;mail.119@gmail.com;352987209
120;Nom 120;Prenom 120;21/04/1971 00:00:00;Adresse 120;mail.120@gmail.com;573477776
121;Nom 121;Prenom 121;17/11/1963 00:00:00;Adresse 121;mail.121@gmail.com;490587471
122;Nom 122;Prenom 122;03/08/2003 00:00:00;Adresse 122;mail.122@gmail.com;625220657
123;Nom 123;Prenom 123;14/11/1988 00:00:00;Adresse 123;mail.123@gmail.com;612621536
124;Nom 124;Prenom 124;13/01/1996 00:00:00;Adresse 124;mail.124@gmail.com;428778083
125;Nom 125;Prenom 125;24/04/1990 00:00:00;Adresse 125;mail.125@gmail.com;119519966
126;Nom 126;Prenom 126;27/05/1979 00:00:00;Adresse 126;mail.126@gmail.com;377368088
127;Nom 127;Prenom 127;16/05/1970 00:00:00;Adresse 127;mail.127@gmail.com;155062366
128;Nom 128;Prenom 128;31/05/1963 00:00:00;Adresse 128;mail.128@gmail.com;367715985
129;Nom 129;Prenom 129;14/03/1966 00:00:00;Adresse 129;mail.129@gmail.com;576637566
130;Nom 130;Prenom 130;01/04/1984 00:00:00;Adresse 130;mail.130@gmail.com;253819229
131;Nom 131;Prenom 131;10/03/1961 00:00:00;Adresse 131;mail.131@gmail.com;293106483
132;Nom 132;Prenom 132;03/10/1990 00:00:00;Adresse 132;mail.132@gmail.com;481477548
133;Nom 133;Prenom 133;19/12/1960 00:00:00;Adresse 133;mail.133@gmail.com;430516517
134;Nom 134;Prenom 134;28/11/1969 00:00:00;Adresse 134;mail.134@gmail.com;574035493
135;Nom 135;Prenom 135;25/06/1979 00:00:00;Adresse 135;mail.135@gmail.com;542796184
136;Nom 136;Prenom 136;15/02/1984 00:00:00;Adresse 136;mail.136@gmail.com;610127785
137;Nom 137;Prenom 137;03/10/1964 00:00:00;Adresse 137;mail.137@gmail.com;530956119
138;Nom 138;Prenom 138;20/09/1978 00:00:00;Adresse 138;mail.138@gmail.com;212737180
139;Nom 139;Prenom 139;30/10/1967 00:00:00;Adresse 139;mail.139@gmail.com;568959022
140;Nom 140;Prenom 140;22/06/2000 00:00:00;Adresse 140;mail.140@gmail.com;221648349
141;Nom 141;Prenom 141;18/11/1977 00:00:00;Adresse 141;mail.141@gmail.com;141774910
142;Nom 142;Prenom 142;28/09/1995 00:00:00;Adresse 142;mail.142@gmail.com;275528945
143;Nom 143;Prenom 143;18/09/1961 00:00:00;Adresse 143;mail.143@gmail.com;353250412
144;Nom 144;Prenom 144;10/06/1981 00:00:00;Adresse 144;mail.144@gmail.com;630338167
145;Nom 145;Prenom 145;11/02/1978 00:00:00;Adresse 145;mail.145@gmail.com;661714891
146;Nom 146;Prenom 146;08/07/1997 00:00:00;Adresse 146;mail.146@gmail.com;309934280
147;Nom 147;Prenom 147;17/10/1988 00:00:00;Adresse 147;mail.147@gmail.com;297519314
148;Nom 148;Prenom 148;12/08/1967 00:00:00;Adresse 148;mail.148@gmail.com;235999770
149;Nom 149;Prenom 149;27/01/1978 00:00:00;Adresse 149;mail.149@gmail.com;639992371
150;Nom 150;Prenom 150;08/04/1983 00:00:00;Adresse 150;mail.150@gmail.com;133398682
151;Nom 151;Prenom 151;06/02/1987 00:00:00;Adresse 151;mail.151@gmail.com;575058011
152;Nom 152;Prenom 152;12/03/1982 00:00:00;Adresse 152;mail.152@gmail.com;433121521
153;Nom 153;Prenom 153;12/06/2002 00:00:00;Adresse 153;mail.153@gmail.com;651833045
154;Nom 154;Prenom 154;16/03/1963 00:00:00;Adresse 154;mail.154@gmail.com;500072196
155;Nom 155;Prenom 155;24/06/1988 00:00:00;Adresse 155;mail.155@gmail.com;106689633
156;Nom 156;Prenom 156;25/12/1989 00:00:00;Adresse 156;mail.156@gmail.com;176354710
157;Nom 157;Prenom 157;07/07/1990 00:00:00;Adresse 157;mail.157@gmail.com;353961275
158;Nom 158;Prenom 158;03/07/1968 00:00:00;Adresse 158;mail.158@gmail.com;566805500
159;Nom 159;Prenom 159;16/03/1987 00:00:00;Adresse 159;mail.159@gmail.com;230896573
160;Nom 160;Prenom 160;19/02/1964 00:00:00;Adresse 160;mail.160@gmail.com;502930287
161;Nom 161;Prenom 161;14/05/1998 00:00:00;Adresse 161;mail.161@gmail.com;670358431
162;Nom 162;Prenom 162;27/03/1976 00:00:00;Adresse 162;mail.162@gmail.com;142179102
163;Nom 163;Prenom 163;30/03/1989 00:00:00;Adresse 163;mail.163@gmail.com;246824256
164;Nom 164;Prenom 164;26/12/2003 00:00:00;Adresse 164;mail.164@gmail.com;275201903
165;Nom 165;Prenom 165;17/02/1984 00:00:00;Adresse 165;mail.165@gmail.com;516210893
166;Nom 166;Prenom 166;27/04/1964 00:00:00;Adresse 166;mail.166@gmail.com;483084795
167;Nom 167;Prenom 167;27/12/1970 00:00:00;Adresse 167;mail.167@gmail.com;620137192
168;Nom 168;Prenom 168;09/07/1983 00:00:00;Adresse 168;mail.168@gmail.com;199644648
169;Nom 169;Prenom 169;06/08/2002 00:00:00;Adresse 169;mail.169@gmail.com;562573399
170;Nom 170;Prenom 170;15/02/1966 00:00:00;Adresse 170;mail.170@gmail.com;504943943
171;Nom 171;Prenom 171;03/01/1984 00:00:00;Adresse 171;mail.171@gmail.com;430691405
172;Nom 172;Prenom 172;01/05/2002 00:00:00;Adresse 172;mail.172@gmail.com;167173637
173;Nom 173;Prenom 173;01/09/2002 00:00:00;Adresse 173;mail.173@gmail.com;656248201
174;Nom 174;Prenom 174;29/02/1996 00:00:00;Adresse 174;mail.174@gmail.com;228195756
175;Nom 175;Prenom 175;03/02/1968 00:00:00;Adresse 175;mail.175@gmail.com;516109786
176;Nom 176;Prenom 176;08/05/1995 00:00:00;Adresse 176;mail.176@gmail.com;423378553
177;Nom 177;Prenom 177;12/02/2003 00:00:00;Adresse 177;mail.177@gmail.com;459339810
178;Nom 178;Prenom 178;30/10/1969 00:00:00;Adresse 178;mail.178@gmail.com;354506201
179;Nom 179;Prenom 179;19/05/1977 00:00:00;Adresse 179;mail.179@gmail.com;281476728
180;Nom 180;Prenom 180;15/06/1983 00:00:00;Adresse 180;mail.180@gmail.com;474032501
181;Nom 181;Prenom 181;24/08/1999 00:00:00;Adresse 181;mail.181@gmail.com;569823043
182;Nom 182;Prenom 182;24/12/2001 00:00:00;Adresse 182;mail.182@gmail.com;502417819
183;Nom 183;Prenom 183;17/05/1968 00:00:00;Adresse 183;mail.183@gmail.com;667894699
184;Nom 184;Prenom 184;26/09/1971 00:00:00;Adresse 184;mail.184@gmail.com;628437025
185;Nom 185;Prenom 185;07/05/1967 00:00:00;Adresse 185;mail.185@gmail.com;516446152
186;Nom 186;Prenom 186;27/10/1989 00:00:00;Adresse 186;mail.186@gmail.com;227050578
187;Nom 187;Prenom 187;21/01/1980 00:00:00;Adresse 187;mail.187@gmail.com;472256135
188;Nom 188;Prenom 188;01/01/1991 00:00:00;Adresse 188;mail.188@gmail.com;401833930
189;Nom 189;Prenom 189;27/10/2002 00:00:00;Adresse 189;mail.189@gmail.com;387999371
190;Nom 190;Prenom 190;13/07/1982 00:00:00;Adresse 190;mail.190@gmail.com;356496494
191;Nom 191;Prenom 191;02/08/1989 00:00:00;Adresse 191;mail.191@gmail.com;143196877
192;Nom 192;Prenom 192;29/04/1985 00:00:00;Adresse 192;mail.192@gmail.com;206091470
193;Nom 193;Prenom 193;27/09/1977 00:00:00;Adresse 193;mail.193@gmail.com;544336269
194;Nom 194;Prenom 194;23/09/1971 00:00:00;Adresse 194;mail.194@gmail.com;634499747
195;Nom 195;Prenom 195;23/10/1978 00:00:00;Adresse 195;mail.195@gmail.com;296430446
196;Nom 196;Prenom 196;15/02/1960 00:00:00;Adresse 196;mail.196@gmail.com;230283570
197;Nom 197;Prenom 197;14/12/1983 00:00:00;Adresse 197;mail.197@gmail.com;593559038
198;Nom 198;Prenom 198;10/06/1989 00:00:00;Adresse 198;mail.198@gmail.com;279267448
199;Nom 199;Prenom 199;26/01/1997 00:00:00;Adresse 199;mail.199@gmail.com;202663464
200;Nom 200;Prenom 200;12/11/1972 00:00:00;Adresse 200;mail.200@gmail.com;592130465
201;Nom 201;Prénom 201;10/11/1989 00:00:00;Adresse 201;mail.201@gmail.com;177500496
202;Nom 202;Prénom 202;11/02/1994 00:00:00;Adresse 202;mail.202@gmail.com;671201830
