1;Nom 1;Prenom 1;06/05/1983 00:00:00;Adresse 1;mail.1@gmail.com;0485559495;48
2;Nom 2;Prenom 2;09/09/1996 00:00:00;Adresse 2;mail.2@gmail.com;0196802290;
3;Nom 3;Prenom 3;19/10/1989 00:00:00;Adresse 3;mail.3@gmail.com;0681489197;41
4;Nom 4;Prenom 4;02/02/1977 00:00:00;Adresse 4;mail.4@gmail.com;0621241244;21
5;Nom 5;Prenom 5;10/08/1977 00:00:00;Adresse 5;mail.5@gmail.com;0265340503;43
6;Nom 6;Prenom 6;08/05/1971 00:00:00;Adresse 6;mail.6@gmail.com;0275649847;
7;Nom 7;Prenom 7;18/09/1971 00:00:00;Adresse 7;mail.7@gmail.com;0692403123;11
8;Nom 8;Prenom 8;09/05/1981 00:00:00;Adresse 8;mail.8@gmail.com;0533996934;
9;Nom 9;Prenom 9;01/09/1988 00:00:00;Adresse 9;mail.9@gmail.com;0113406883;7
10;Nom 10;Prenom 10;08/12/1968 00:00:00;Adresse 10;mail.10@gmail.com;0214733241;5
11;Nom 11;Prenom 11;19/04/1985 00:00:00;Adresse 11;mail.11@gmail.com;0519711149;39
12;Nom 12;Prenom 12;02/12/1993 00:00:00;Adresse 12;mail.12@gmail.com;0184153029;31
13;Nom 13;Prenom 13;29/06/2002 00:00:00;Adresse 13;mail.13@gmail.com;0497596014;5
14;Nom 14;Prenom 14;13/01/1972 00:00:00;Adresse 14;mail.14@gmail.com;0617894353;37
15;Nom 15;Prenom 15;10/04/1971 00:00:00;Adresse 15;mail.15@gmail.com;0333602012;
16;Nom 16;Prenom 16;27/07/1987 00:00:00;Adresse 16;mail.16@gmail.com;0501598296;5
17;Nom 17;Prenom 17;19/11/1985 00:00:00;Adresse 17;mail.17@gmail.com;0413534394;30
18;Nom 18;Prenom 18;14/02/2000 00:00:00;Adresse 18;mail.18@gmail.com;0100334352;41
19;Nom 19;Prenom 19;28/11/1978 00:00:00;Adresse 19;mail.19@gmail.com;0157796637;50
20;Nom 20;Prenom 20;13/11/1979 00:00:00;Adresse 20;mail.20@gmail.com;0234638069;26
21;Nom 21;Prenom 21;10/07/1966 00:00:00;Adresse 21;mail.21@gmail.com;0132740299;31
22;Nom 22;Prenom 22;21/01/1968 00:00:00;Adresse 22;mail.22@gmail.com;0393343501;44
23;Nom 23;Prenom 23;03/01/1988 00:00:00;Adresse 23;mail.23@gmail.com;0253674236;21
24;Nom 24;Prenom 24;11/06/1993 00:00:00;Adresse 24;mail.24@gmail.com;0221315737;48
25;Nom 25;Prenom 25;27/05/1974 00:00:00;Adresse 25;mail.25@gmail.com;0664439176;
26;Nom 26;Prenom 26;27/03/1961 00:00:00;Adresse 26;mail.26@gmail.com;0691360565;22
27;Nom 27;Prenom 27;21/10/2000 00:00:00;Adresse 27;mail.27@gmail.com;0396534651;36
28;Nom 28;Prenom 28;29/01/2001 00:00:00;Adresse 28;mail.28@gmail.com;0271219526;
29;Nom 29;Prenom 29;17/05/1976 00:00:00;Adresse 29;mail.29@gmail.com;0348084409;40
30;Nom 30;Prenom 30;15/12/2000 00:00:00;Adresse 30;mail.30@gmail.com;0293119329;35
31;Nom 31;Prenom 31;01/05/1997 00:00:00;Adresse 31;mail.31@gmail.com;0362894412;4
32;Nom 32;Prenom 32;31/01/1990 00:00:00;Adresse 32;mail.32@gmail.com;0158994197;30
33;Nom 33;Prenom 33;14/03/1978 00:00:00;Adresse 33;mail.33@gmail.com;0504452421;27
34;Nom 34;Prenom 34;12/08/1965 00:00:00;Adresse 34;mail.34@gmail.com;0296500037;
35;Nom 35;Prenom 35;16/05/2002 00:00:00;Adresse 35;mail.35@gmail.com;0404248733;27
36;Nom 36;Prenom 36;10/01/1992 00:00:00;Adresse 36;mail.36@gmail.com;0232697304;25
37;Nom 37;Prenom 37;11/12/1969 00:00:00;Adresse 37;mail.37@gmail.com;0440797314;10
38;Nom 38;Prenom 38;13/05/1961 00:00:00;Adresse 38;mail.38@gmail.com;0202821229;
39;Nom 39;Prenom 39;30/09/1982 00:00:00;Adresse 39;mail.39@gmail.com;0565257042;29
40;Nom 40;Prenom 40;27/09/1984 00:00:00;Adresse 40;mail.40@gmail.com;0269736897;9
41;Nom 41;Prenom 41;18/03/1996 00:00:00;Adresse 41;mail.41@gmail.com;0246094539;34
42;Nom 42;Prenom 42;08/10/1994 00:00:00;Adresse 42;mail.42@gmail.com;0478048986;6
43;Nom 43;Prenom 43;21/07/1987 00:00:00;Adresse 43;mail.43@gmail.com;0282332606;
44;Nom 44;Prenom 44;30/05/1979 00:00:00;Adresse 44;mail.44@gmail.com;0197841989;26
45;Nom 45;Prenom 45;04/04/1998 00:00:00;Adresse 45;mail.45@gmail.com;0585249891;4
46;Nom 46;Prenom 46;29/12/1963 00:00:00;Adresse 46;mail.46@gmail.com;0143204742;6
47;Nom 47;Prenom 47;25/07/1995 00:00:00;Adresse 47;mail.47@gmail.com;0111631764;
48;Nom 48;Prenom 48;26/08/1995 00:00:00;Adresse 48;mail.48@gmail.com;0419217801;14
49;Nom 49;Prenom 49;20/07/1968 00:00:00;Adresse 49;mail.49@gmail.com;0504099534;38
50;Nom 50;Prenom 50;23/10/1968 00:00:00;Adresse 50;mail.50@gmail.com;0406655383;
51;Nom 51;Prenom 51;12/08/1977 00:00:00;Adresse 51;mail.51@gmail.com;0568730758;29
52;Nom 52;Prenom 52;26/04/2002 00:00:00;Adresse 52;mail.52@gmail.com;0570540863;40
53;Nom 53;Prenom 53;25/01/2002 00:00:00;Adresse 53;mail.53@gmail.com;0271415257;
54;Nom 54;Prenom 54;23/09/1990 00:00:00;Adresse 54;mail.54@gmail.com;0314000199;37
55;Nom 55;Prenom 55;19/03/1994 00:00:00;Adresse 55;mail.55@gmail.com;0639113543;
56;Nom 56;Prenom 56;04/04/1996 00:00:00;Adresse 56;mail.56@gmail.com;0528320772;
57;Nom 57;Prenom 57;15/10/1997 00:00:00;Adresse 57;mail.57@gmail.com;0636742229;3
58;Nom 58;Prenom 58;03/10/2002 00:00:00;Adresse 58;mail.58@gmail.com;0386235124;28
59;Nom 59;Prenom 59;14/01/1985 00:00:00;Adresse 59;mail.59@gmail.com;0437679237;27
60;Nom 60;Prenom 60;16/05/1969 00:00:00;Adresse 60;mail.60@gmail.com;0667672804;35
61;Nom 61;Prenom 61;13/07/1983 00:00:00;Adresse 61;mail.61@gmail.com;0121679096;22
62;Nom 62;Prenom 62;14/03/2002 00:00:00;Adresse 62;mail.62@gmail.com;0570975260;14
63;Nom 63;Prenom 63;30/05/2001 00:00:00;Adresse 63;mail.63@gmail.com;0358786699;1
64;Nom 64;Prenom 64;12/12/1990 00:00:00;Adresse 64;mail.64@gmail.com;0309432055;45
65;Nom 65;Prenom 65;01/07/1968 00:00:00;Adresse 65;mail.65@gmail.com;0430580498;15
66;Nom 66;Prenom 66;13/05/1974 00:00:00;Adresse 66;mail.66@gmail.com;0583486266;50
67;Nom 67;Prenom 67;25/04/1965 00:00:00;Adresse 67;mail.67@gmail.com;0630383750;20
68;Nom 68;Prenom 68;02/01/1990 00:00:00;Adresse 68;mail.68@gmail.com;0367948569;42
69;Nom 69;Prenom 69;15/05/1960 00:00:00;Adresse 69;mail.69@gmail.com;0532360212;35
70;Nom 70;Prenom 70;29/04/1995 00:00:00;Adresse 70;mail.70@gmail.com;0498027375;
71;Nom 71;Prenom 71;16/04/1977 00:00:00;Adresse 71;mail.71@gmail.com;0169263924;18
72;Nom 72;Prenom 72;12/02/1971 00:00:00;Adresse 72;mail.72@gmail.com;0677193609;8
73;Nom 73;Prenom 73;20/04/1977 00:00:00;Adresse 73;mail.73@gmail.com;0285052766;39
74;Nom 74;Prenom 74;09/08/1998 00:00:00;Adresse 74;mail.74@gmail.com;0139427755;8
75;Nom 75;Prenom 75;23/03/1987 00:00:00;Adresse 75;mail.75@gmail.com;0351469470;6
76;Nom 76;Prenom 76;03/06/1964 00:00:00;Adresse 76;mail.76@gmail.com;0391684273;50
77;Nom 77;Prenom 77;29/05/1996 00:00:00;Adresse 77;mail.77@gmail.com;0177897062;10
78;Nom 78;Prenom 78;20/11/1964 00:00:00;Adresse 78;mail.78@gmail.com;0410560009;15
79;Nom 79;Prenom 79;21/05/1962 00:00:00;Adresse 79;mail.79@gmail.com;0439376592;9
80;Nom 80;Prenom 80;30/03/1995 00:00:00;Adresse 80;mail.80@gmail.com;0464519652;42
81;Nom 81;Prenom 81;21/08/1997 00:00:00;Adresse 81;mail.81@gmail.com;0258148054;14
82;Nom 82;Prenom 82;19/01/1970 00:00:00;Adresse 82;mail.82@gmail.com;0493223865;20
83;Nom 83;Prenom 83;31/03/1972 00:00:00;Adresse 83;mail.83@gmail.com;0216541344;13
84;Nom 84;Prenom 84;10/02/1975 00:00:00;Adresse 84;mail.84@gmail.com;0197960353;9
85;Nom 85;Prenom 85;04/11/1970 00:00:00;Adresse 85;mail.85@gmail.com;0432781073;28
86;Nom 86;Prenom 86;01/11/1990 00:00:00;Adresse 86;mail.86@gmail.com;0522059582;37
87;Nom 87;Prenom 87;14/02/1969 00:00:00;Adresse 87;mail.87@gmail.com;0243009104;19
88;Nom 88;Prenom 88;07/11/1971 00:00:00;Adresse 88;mail.88@gmail.com;0414586775;48
89;Nom 89;Prenom 89;13/06/1967 00:00:00;Adresse 89;mail.89@gmail.com;0328867692;47
90;Nom 90;Prenom 90;20/06/1970 00:00:00;Adresse 90;mail.90@gmail.com;0304746709;48
91;Nom 91;Prenom 91;27/04/1968 00:00:00;Adresse 91;mail.91@gmail.com;0411158138;13
92;Nom 92;Prenom 92;03/05/1996 00:00:00;Adresse 92;mail.92@gmail.com;0608072973;49
93;Nom 93;Prenom 93;10/11/2001 00:00:00;Adresse 93;mail.93@gmail.com;0297165400;
94;Nom 94;Prenom 94;06/04/2001 00:00:00;Adresse 94;mail.94@gmail.com;0143742922;8
95;Nom 95;Prenom 95;08/09/1981 00:00:00;Adresse 95;mail.95@gmail.com;0285704006;
96;Nom 96;Prenom 96;13/03/2002 00:00:00;Adresse 96;mail.96@gmail.com;0607261586;11
97;Nom 97;Prenom 97;10/04/1971 00:00:00;Adresse 97;mail.97@gmail.com;0234313076;15
98;Nom 98;Prenom 98;12/02/1995 00:00:00;Adresse 98;mail.98@gmail.com;0572467473;40
99;Nom 99;Prenom 99;30/01/1964 00:00:00;Adresse 99;mail.99@gmail.com;0107178650;31
100;Nom 100;Prenom 100;04/05/1990 00:00:00;Adresse 100;mail.100@gmail.com;0492677753;
101;Nom 101;Prenom 101;06/12/1962 00:00:00;Adresse 101;mail.101@gmail.com;0236893203;23
102;Nom 102;Prenom 102;21/01/1970 00:00:00;Adresse 102;mail.102@gmail.com;0581946676;7
103;Nom 103;Prenom 103;15/02/1992 00:00:00;Adresse 103;mail.103@gmail.com;0136023161;11
104;Nom 104;Prenom 104;25/08/1984 00:00:00;Adresse 104;mail.104@gmail.com;0535149715;40
105;Nom 105;Prenom 105;30/08/1979 00:00:00;Adresse 105;mail.105@gmail.com;0384703798;7
106;Nom 106;Prenom 106;26/08/1980 00:00:00;Adresse 106;mail.106@gmail.com;0328206029;12
107;Nom 107;Prenom 107;05/08/1974 00:00:00;Adresse 107;mail.107@gmail.com;0450094617;1
108;Nom 108;Prenom 108;25/09/1993 00:00:00;Adresse 108;mail.108@gmail.com;0435747020;5
109;Nom 109;Prenom 109;26/09/1989 00:00:00;Adresse 109;mail.109@gmail.com;0454300281;45
110;Nom 110;Prenom 110;10/07/1970 00:00:00;Adresse 110;mail.110@gmail.com;0179327402;35
111;Nom 111;Prenom 111;15/11/1998 00:00:00;Adresse 111;mail.111@gmail.com;0404422170;50
112;Nom 112;Prenom 112;11/03/1963 00:00:00;Adresse 112;mail.112@gmail.com;0473400963;
113;Nom 113;Prenom 113;24/11/1965 00:00:00;Adresse 113;mail.113@gmail.com;0650248710;37
114;Nom 114;Prenom 114;28/08/1982 00:00:00;Adresse 114;mail.114@gmail.com;0260901568;34
115;Nom 115;Prenom 115;04/01/1999 00:00:00;Adresse 115;mail.115@gmail.com;0608329301;6
116;Nom 116;Prenom 116;18/09/1971 00:00:00;Adresse 116;mail.116@gmail.com;0554469777;5
117;Nom 117;Prenom 117;01/06/2000 00:00:00;Adresse 117;mail.117@gmail.com;0662685227;
118;Nom 118;Prenom 118;09/11/1985 00:00:00;Adresse 118;mail.118@gmail.com;0116053984;31
119;Nom 119;Prenom 119;08/11/2000 00:00:00;Adresse 119;mail.119@gmail.com;0323483348;42
120;Nom 120;Prenom 120;02/03/1996 00:00:00;Adresse 120;mail.120@gmail.com;0208001783;31
121;Nom 121;Prenom 121;14/03/1985 00:00:00;Adresse 121;mail.121@gmail.com;0589551150;19
122;Nom 122;Prenom 122;22/04/1967 00:00:00;Adresse 122;mail.122@gmail.com;0276767182;39
123;Nom 123;Prenom 123;20/11/2002 00:00:00;Adresse 123;mail.123@gmail.com;0325725441;17
124;Nom 124;Prenom 124;30/05/1976 00:00:00;Adresse 124;mail.124@gmail.com;0683954466;38
125;Nom 125;Prenom 125;26/09/2003 00:00:00;Adresse 125;mail.125@gmail.com;0113923300;40
126;Nom 126;Prenom 126;09/03/1996 00:00:00;Adresse 126;mail.126@gmail.com;0538847007;40
127;Nom 127;Prenom 127;18/01/1996 00:00:00;Adresse 127;mail.127@gmail.com;0625286094;12
128;Nom 128;Prenom 128;02/03/1966 00:00:00;Adresse 128;mail.128@gmail.com;0595516925;34
129;Nom 129;Prenom 129;22/10/1981 00:00:00;Adresse 129;mail.129@gmail.com;0371578216;29
130;Nom 130;Prenom 130;04/05/1960 00:00:00;Adresse 130;mail.130@gmail.com;0337770011;
131;Nom 131;Prenom 131;10/12/1995 00:00:00;Adresse 131;mail.131@gmail.com;0319829617;
132;Nom 132;Prenom 132;15/12/1998 00:00:00;Adresse 132;mail.132@gmail.com;0296928336;45
133;Nom 133;Prenom 133;12/01/1970 00:00:00;Adresse 133;mail.133@gmail.com;0536182300;48
134;Nom 134;Prenom 134;12/02/1980 00:00:00;Adresse 134;mail.134@gmail.com;0254440670;
135;Nom 135;Prenom 135;07/08/1983 00:00:00;Adresse 135;mail.135@gmail.com;0171410374;
136;Nom 136;Prenom 136;16/10/1978 00:00:00;Adresse 136;mail.136@gmail.com;0224073376;21
137;Nom 137;Prenom 137;13/01/1973 00:00:00;Adresse 137;mail.137@gmail.com;0375373582;20
138;Nom 138;Prenom 138;13/10/1962 00:00:00;Adresse 138;mail.138@gmail.com;0291015800;
139;Nom 139;Prenom 139;25/07/1991 00:00:00;Adresse 139;mail.139@gmail.com;0106852493;32
140;Nom 140;Prenom 140;04/03/1981 00:00:00;Adresse 140;mail.140@gmail.com;0239123558;15
141;Nom 141;Prenom 141;21/04/1982 00:00:00;Adresse 141;mail.141@gmail.com;0313574025;31
142;Nom 142;Prenom 142;11/08/1964 00:00:00;Adresse 142;mail.142@gmail.com;0448257404;23
143;Nom 143;Prenom 143;24/01/1982 00:00:00;Adresse 143;mail.143@gmail.com;0238038905;
144;Nom 144;Prenom 144;16/03/1998 00:00:00;Adresse 144;mail.144@gmail.com;0594239460;11
145;Nom 145;Prenom 145;27/03/1990 00:00:00;Adresse 145;mail.145@gmail.com;0323131268;14
146;Nom 146;Prenom 146;14/04/1990 00:00:00;Adresse 146;mail.146@gmail.com;0662256096;12
147;Nom 147;Prenom 147;10/08/1966 00:00:00;Adresse 147;mail.147@gmail.com;0518929637;27
148;Nom 148;Prenom 148;16/02/1998 00:00:00;Adresse 148;mail.148@gmail.com;0129701549;35
149;Nom 149;Prenom 149;23/12/1982 00:00:00;Adresse 149;mail.149@gmail.com;0254879017;2
150;Nom 150;Prenom 150;12/10/1986 00:00:00;Adresse 150;mail.150@gmail.com;0571931980;44
151;Nom 151;Prenom 151;17/11/1960 00:00:00;Adresse 151;mail.151@gmail.com;0176955843;
152;Nom 152;Prenom 152;22/07/1966 00:00:00;Adresse 152;mail.152@gmail.com;0143868608;20
153;Nom 153;Prenom 153;01/07/1972 00:00:00;Adresse 153;mail.153@gmail.com;0209035317;47
154;Nom 154;Prenom 154;18/08/1998 00:00:00;Adresse 154;mail.154@gmail.com;0515596971;37
155;Nom 155;Prenom 155;17/12/1993 00:00:00;Adresse 155;mail.155@gmail.com;0532992040;46
156;Nom 156;Prenom 156;16/08/1983 00:00:00;Adresse 156;mail.156@gmail.com;0631625478;5
157;Nom 157;Prenom 157;12/04/1989 00:00:00;Adresse 157;mail.157@gmail.com;0203200530;
158;Nom 158;Prenom 158;08/04/1960 00:00:00;Adresse 158;mail.158@gmail.com;0294143601;37
159;Nom 159;Prenom 159;20/10/1985 00:00:00;Adresse 159;mail.159@gmail.com;0518173734;49
160;Nom 160;Prenom 160;23/03/1983 00:00:00;Adresse 160;mail.160@gmail.com;0138898578;12
161;Nom 161;Prenom 161;23/09/1993 00:00:00;Adresse 161;mail.161@gmail.com;0265962562;23
162;Nom 162;Prenom 162;09/08/2001 00:00:00;Adresse 162;mail.162@gmail.com;0274863826;27
163;Nom 163;Prenom 163;07/03/1994 00:00:00;Adresse 163;mail.163@gmail.com;0484007261;40
164;Nom 164;Prenom 164;01/07/1995 00:00:00;Adresse 164;mail.164@gmail.com;0207170429;
165;Nom 165;Prenom 165;20/12/1962 00:00:00;Adresse 165;mail.165@gmail.com;0375801579;24
166;Nom 166;Prenom 166;26/06/1981 00:00:00;Adresse 166;mail.166@gmail.com;0335397432;2
167;Nom 167;Prenom 167;14/06/1962 00:00:00;Adresse 167;mail.167@gmail.com;0410245260;26
168;Nom 168;Prenom 168;23/01/1985 00:00:00;Adresse 168;mail.168@gmail.com;0657003178;50
169;Nom 169;Prenom 169;04/02/1968 00:00:00;Adresse 169;mail.169@gmail.com;0158622675;
170;Nom 170;Prenom 170;23/09/1961 00:00:00;Adresse 170;mail.170@gmail.com;0467220492;
171;Nom 171;Prenom 171;28/02/1974 00:00:00;Adresse 171;mail.171@gmail.com;0466564660;46
172;Nom 172;Prenom 172;04/10/1986 00:00:00;Adresse 172;mail.172@gmail.com;0568116434;39
173;Nom 173;Prenom 173;12/11/1997 00:00:00;Adresse 173;mail.173@gmail.com;0136190936;
174;Nom 174;Prenom 174;17/01/1977 00:00:00;Adresse 174;mail.174@gmail.com;0568475408;32
175;Nom 175;Prenom 175;25/06/1972 00:00:00;Adresse 175;mail.175@gmail.com;0497412992;22
176;Nom 176;Prenom 176;25/09/1997 00:00:00;Adresse 176;mail.176@gmail.com;0297116205;1
177;Nom 177;Prenom 177;05/11/2000 00:00:00;Adresse 177;mail.177@gmail.com;0275991748;20
178;Nom 178;Prenom 178;01/07/1967 00:00:00;Adresse 178;mail.178@gmail.com;0582180657;21
179;Nom 179;Prenom 179;15/08/1977 00:00:00;Adresse 179;mail.179@gmail.com;0444195736;
180;Nom 180;Prenom 180;26/08/1990 00:00:00;Adresse 180;mail.180@gmail.com;0516370975;
181;Nom 181;Prenom 181;20/09/1987 00:00:00;Adresse 181;mail.181@gmail.com;0227574274;50
182;Nom 182;Prenom 182;15/09/1966 00:00:00;Adresse 182;mail.182@gmail.com;0310908883;47
183;Nom 183;Prenom 183;22/01/1989 00:00:00;Adresse 183;mail.183@gmail.com;0286086514;46
184;Nom 184;Prenom 184;25/11/1984 00:00:00;Adresse 184;mail.184@gmail.com;0507157624;26
185;Nom 185;Prenom 185;16/12/1969 00:00:00;Adresse 185;mail.185@gmail.com;0516182040;
186;Nom 186;Prenom 186;18/08/1975 00:00:00;Adresse 186;mail.186@gmail.com;0634459281;12
187;Nom 187;Prenom 187;01/01/1960 00:00:00;Adresse 187;mail.187@gmail.com;0338257056;18
188;Nom 188;Prenom 188;08/01/2000 00:00:00;Adresse 188;mail.188@gmail.com;0415342696;20
189;Nom 189;Prenom 189;09/10/1988 00:00:00;Adresse 189;mail.189@gmail.com;0267568678;38
190;Nom 190;Prenom 190;18/12/1961 00:00:00;Adresse 190;mail.190@gmail.com;0668458842;
191;Nom 191;Prenom 191;09/06/1966 00:00:00;Adresse 191;mail.191@gmail.com;0263447770;
192;Nom 192;Prenom 192;28/05/1992 00:00:00;Adresse 192;mail.192@gmail.com;0424470673;
193;Nom 193;Prenom 193;01/05/1991 00:00:00;Adresse 193;mail.193@gmail.com;0333515661;4
194;Nom 194;Prenom 194;12/12/1988 00:00:00;Adresse 194;mail.194@gmail.com;0405531565;2
195;Nom 195;Prenom 195;23/02/1985 00:00:00;Adresse 195;mail.195@gmail.com;0409482903;
196;Nom 196;Prenom 196;04/10/1997 00:00:00;Adresse 196;mail.196@gmail.com;0148363168;45
197;Nom 197;Prenom 197;08/06/1993 00:00:00;Adresse 197;mail.197@gmail.com;0260988859;47
198;Nom 198;Prenom 198;14/09/1968 00:00:00;Adresse 198;mail.198@gmail.com;0599497233;44
199;Nom 199;Prenom 199;06/02/2003 00:00:00;Adresse 199;mail.199@gmail.com;0238245543;12
200;Nom 200;Prenom 200;09/08/1992 00:00:00;Adresse 200;mail.200@gmail.com;0340441157;
