1;Raison sociale 1;08548;mail.1@gmail.com;Commune 1;www.URL1.fr
2;Raison sociale 2;06980;mail.2@gmail.com;Commune 2;www.URL2.fr
3;Raison sociale 3;09197;mail.3@gmail.com;Commune 3;www.URL3.fr
4;Raison sociale 4;01214;mail.4@gmail.com;Commune 4;www.URL4.fr
5;Raison sociale 5;04226;mail.5@gmail.com;Commune 5;www.URL5.fr
6;Raison sociale 6;06263;mail.6@gmail.com;Commune 6;www.URL6.fr
7;Raison sociale 7;02522;mail.7@gmail.com;Commune 7;www.URL7.fr
8;Raison sociale 8;02628;mail.8@gmail.com;Commune 8;www.URL8.fr
9;Raison sociale 9;05674;mail.9@gmail.com;Commune 9;www.URL9.fr
10;Raison sociale 10;05952;mail.10@gmail.com;Commune 10;www.URL10.fr
11;Raison sociale 11;07483;mail.11@gmail.com;Commune 11;www.URL11.fr
12;Raison sociale 12;06844;mail.12@gmail.com;Commune 12;www.URL12.fr
13;Raison sociale 13;07063;mail.13@gmail.com;Commune 13;www.URL13.fr
14;Raison sociale 14;07389;mail.14@gmail.com;Commune 14;www.URL14.fr
15;Raison sociale 15;09437;mail.15@gmail.com;Commune 15;www.URL15.fr
16;Raison sociale 16;06184;mail.16@gmail.com;Commune 16;www.URL16.fr
17;Raison sociale 17;07541;mail.17@gmail.com;Commune 17;www.URL17.fr
18;Raison sociale 18;05322;mail.18@gmail.com;Commune 18;www.URL18.fr
19;Raison sociale 19;01007;mail.19@gmail.com;Commune 19;www.URL19.fr
20;Raison sociale 20;07062;mail.20@gmail.com;Commune 20;www.URL20.fr
21;Raison sociale 21;03675;mail.21@gmail.com;Commune 21;www.URL21.fr
22;Raison sociale 22;06214;mail.22@gmail.com;Commune 22;www.URL22.fr
23;Raison sociale 23;06320;mail.23@gmail.com;Commune 23;www.URL23.fr
24;Raison sociale 24;08353;mail.24@gmail.com;Commune 24;www.URL24.fr
25;Raison sociale 25;04427;mail.25@gmail.com;Commune 25;www.URL25.fr
26;Raison sociale 26;03242;mail.26@gmail.com;Commune 26;www.URL26.fr
27;Raison sociale 27;05687;mail.27@gmail.com;Commune 27;www.URL27.fr
28;Raison sociale 28;08044;mail.28@gmail.com;Commune 28;www.URL28.fr
29;Raison sociale 29;08487;mail.29@gmail.com;Commune 29;www.URL29.fr
30;Raison sociale 30;01343;mail.30@gmail.com;Commune 30;www.URL30.fr
31;Raison sociale 31;01983;mail.31@gmail.com;Commune 31;www.URL31.fr
32;Raison sociale 32;02030;mail.32@gmail.com;Commune 32;www.URL32.fr
33;Raison sociale 33;09704;mail.33@gmail.com;Commune 33;www.URL33.fr
34;Raison sociale 34;06231;mail.34@gmail.com;Commune 34;www.URL34.fr
35;Raison sociale 35;04499;mail.35@gmail.com;Commune 35;www.URL35.fr
36;Raison sociale 36;08045;mail.36@gmail.com;Commune 36;www.URL36.fr
37;Raison sociale 37;07342;mail.37@gmail.com;Commune 37;www.URL37.fr
38;Raison sociale 38;02083;mail.38@gmail.com;Commune 38;www.URL38.fr
39;Raison sociale 39;02724;mail.39@gmail.com;Commune 39;www.URL39.fr
40;Raison sociale 40;03230;mail.40@gmail.com;Commune 40;www.URL40.fr
41;Raison sociale 41;05704;mail.41@gmail.com;Commune 41;www.URL41.fr
42;Raison sociale 42;03968;mail.42@gmail.com;Commune 42;www.URL42.fr
43;Raison sociale 43;08624;mail.43@gmail.com;Commune 43;www.URL43.fr
44;Raison sociale 44;05135;mail.44@gmail.com;Commune 44;www.URL44.fr
45;Raison sociale 45;05413;mail.45@gmail.com;Commune 45;www.URL45.fr
46;Raison sociale 46;07888;mail.46@gmail.com;Commune 46;www.URL46.fr
47;Raison sociale 47;05683;mail.47@gmail.com;Commune 47;www.URL47.fr
48;Raison sociale 48;06157;mail.48@gmail.com;Commune 48;www.URL48.fr
49;Raison sociale 49;07553;mail.49@gmail.com;Commune 49;www.URL49.fr
50;Raison sociale 50;03768;mail.50@gmail.com;Commune 50;www.URL50.fr
