0;Nom 1;Prenom 1;35
1;Nom 2;Prenom 2;9
2;Nom 3;Prenom 3;19
3;Nom 4;Prenom 4;9
4;Nom 5;Prenom 5;36
5;Nom 6;Prenom 6;8
6;Nom 7;Prenom 7;15
7;Nom 8;Prenom 8;
8;Nom 9;Prenom 9;
9;Nom 10;Prenom 10;41
10;Nom 11;Prenom 11;
11;Nom 12;Prenom 12;9
12;Nom 13;Prenom 13;
13;Nom 14;Prenom 14;9
14;Nom 15;Prenom 15;41
15;Nom 16;Prenom 16;20
16;Nom 17;Prenom 17;
17;Nom 18;Prenom 18;41
18;Nom 19;Prenom 19;2
19;Nom 20;Prenom 20;
20;Nom 21;Prenom 21;2
21;Nom 22;Prenom 22;18
22;Nom 23;Prenom 23;35
23;Nom 24;Prenom 24;8
24;Nom 25;Prenom 25;5
25;Nom 26;Prenom 26;8
26;Nom 27;Prenom 27;32
27;Nom 28;Prenom 28;6
28;Nom 29;Prenom 29;
29;Nom 30;Prenom 30;
30;Nom 31;Prenom 31;11
31;Nom 32;Prenom 32;3
32;Nom 33;Prenom 33;2
33;Nom 34;Prenom 34;
34;Nom 35;Prenom 35;47
35;Nom 36;Prenom 36;23
36;Nom 37;Prenom 37;
37;Nom 38;Prenom 38;40
38;Nom 39;Prenom 39;42
39;Nom 40;Prenom 40;7
40;Nom 41;Prenom 41;35
41;Nom 42;Prenom 42;9
42;Nom 43;Prenom 43;
43;Nom 44;Prenom 44;
44;Nom 45;Prenom 45;15
45;Nom 46;Prenom 46;10
46;Nom 47;Prenom 47;26
47;Nom 48;Prenom 48;27
48;Nom 49;Prenom 49;41
49;Nom 50;Prenom 50;
50;Nom 51;Prenom 51;
51;Nom 52;Prenom 52;25
52;Nom 53;Prenom 53;
53;Nom 54;Prenom 54;32
54;Nom 55;Prenom 55;37
55;Nom 56;Prenom 56;1
56;Nom 57;Prenom 57;
57;Nom 58;Prenom 58;44
58;Nom 59;Prenom 59;
59;Nom 60;Prenom 60;4
60;Nom 61;Prenom 61;
61;Nom 62;Prenom 62;42
62;Nom 63;Prenom 63;44
63;Nom 64;Prenom 64;23
64;Nom 65;Prenom 65;10
65;Nom 66;Prenom 66;
66;Nom 67;Prenom 67;
67;Nom 68;Prenom 68;49
68;Nom 69;Prenom 69;5
69;Nom 70;Prenom 70;
70;Nom 71;Prenom 71;40
71;Nom 72;Prenom 72;
72;Nom 73;Prenom 73;42
73;Nom 74;Prenom 74;39
74;Nom 75;Prenom 75;9
75;Nom 76;Prenom 76;17
76;Nom 77;Prenom 77;12
77;Nom 78;Prenom 78;
78;Nom 79;Prenom 79;43
79;Nom 80;Prenom 80;26
80;Nom 81;Prenom 81;33
81;Nom 82;Prenom 82;10
82;Nom 83;Prenom 83;3
83;Nom 84;Prenom 84;11
84;Nom 85;Prenom 85;1
85;Nom 86;Prenom 86;41
86;Nom 87;Prenom 87;
87;Nom 88;Prenom 88;
88;Nom 89;Prenom 89;3
89;Nom 90;Prenom 90;19
90;Nom 91;Prenom 91;38
91;Nom 92;Prenom 92;2
92;Nom 93;Prenom 93;1
93;Nom 94;Prenom 94;
94;Nom 95;Prenom 95;29
95;Nom 96;Prenom 96;11
96;Nom 97;Prenom 97;7
97;Nom 98;Prenom 98;45
98;Nom 99;Prenom 99;50
99;Nom 100;Prenom 100;19
100;Nom 101;Prenom 101;43
101;Nom 102;Prenom 102;22
102;Nom 103;Prenom 103;8
103;Nom 104;Prenom 104;50
104;Nom 105;Prenom 105;
105;Nom 106;Prenom 106;23
106;Nom 107;Prenom 107;6
107;Nom 108;Prenom 108;18
108;Nom 109;Prenom 109;31
109;Nom 110;Prenom 110;42
110;Nom 111;Prenom 111;15
111;Nom 112;Prenom 112;36
112;Nom 113;Prenom 113;1
113;Nom 114;Prenom 114;
114;Nom 115;Prenom 115;28
115;Nom 116;Prenom 116;4
116;Nom 117;Prenom 117;
117;Nom 118;Prenom 118;28
118;Nom 119;Prenom 119;20
119;Nom 120;Prenom 120;35
120;Nom 121;Prenom 121;8
121;Nom 122;Prenom 122;25
122;Nom 123;Prenom 123;
123;Nom 124;Prenom 124;
124;Nom 125;Prenom 125;17
125;Nom 126;Prenom 126;33
126;Nom 127;Prenom 127;25
127;Nom 128;Prenom 128;34
128;Nom 129;Prenom 129;12
129;Nom 130;Prenom 130;2
130;Nom 131;Prenom 131;36
131;Nom 132;Prenom 132;2
132;Nom 133;Prenom 133;
133;Nom 134;Prenom 134;33
134;Nom 135;Prenom 135;42
135;Nom 136;Prenom 136;48
136;Nom 137;Prenom 137;20
137;Nom 138;Prenom 138;
138;Nom 139;Prenom 139;
139;Nom 140;Prenom 140;38
140;Nom 141;Prenom 141;41
141;Nom 142;Prenom 142;8
142;Nom 143;Prenom 143;
143;Nom 144;Prenom 144;
144;Nom 145;Prenom 145;30
145;Nom 146;Prenom 146;48
146;Nom 147;Prenom 147;48
147;Nom 148;Prenom 148;
148;Nom 149;Prenom 149;20
149;Nom 150;Prenom 150;35
150;Nom 151;Prenom 151;8
151;Nom 152;Prenom 152;
152;Nom 153;Prenom 153;
153;Nom 154;Prenom 154;29
154;Nom 155;Prenom 155;23
155;Nom 156;Prenom 156;
156;Nom 157;Prenom 157;
157;Nom 158;Prenom 158;40
158;Nom 159;Prenom 159;
159;Nom 160;Prenom 160;3
160;Nom 161;Prenom 161;
161;Nom 162;Prenom 162;
162;Nom 163;Prenom 163;8
163;Nom 164;Prenom 164;24
164;Nom 165;Prenom 165;27
165;Nom 166;Prenom 166;42
166;Nom 167;Prenom 167;13
167;Nom 168;Prenom 168;26
168;Nom 169;Prenom 169;
169;Nom 170;Prenom 170;39
170;Nom 171;Prenom 171;
171;Nom 172;Prenom 172;20
172;Nom 173;Prenom 173;
173;Nom 174;Prenom 174;49
174;Nom 175;Prenom 175;
175;Nom 176;Prenom 176;8
176;Nom 177;Prenom 177;28
177;Nom 178;Prenom 178;25
178;Nom 179;Prenom 179;
179;Nom 180;Prenom 180;
180;Nom 181;Prenom 181;
181;Nom 182;Prenom 182;27
182;Nom 183;Prenom 183;
183;Nom 184;Prenom 184;
184;Nom 185;Prenom 185;5
185;Nom 186;Prenom 186;
186;Nom 187;Prenom 187;
187;Nom 188;Prenom 188;34
188;Nom 189;Prenom 189;50
189;Nom 190;Prenom 190;
190;Nom 191;Prenom 191;1
191;Nom 192;Prenom 192;18
192;Nom 193;Prenom 193;
193;Nom 194;Prenom 194;
194;Nom 195;Prenom 195;
195;Nom 196;Prenom 196;10
196;Nom 197;Prenom 197;
197;Nom 198;Prenom 198;
198;Nom 199;Prenom 199;23
199;Nom 200;Prenom 200;4
